Date,New Delhi,Mumbai,Kolkata,Chennai
2024-01-01,,0.4276308503279863,,
2024-01-02,,,0.568690211236465,
2024-01-03,,1.1720246492902506,,
2024-01-04,,,0.8354016112475766,
2024-01-05,,0.40257479514922584,,
2024-01-06,,,1.654116679186527,
2024-01-07,2.238671254399859,0.9085334200595437,,
2024-01-08,,,1.2710925983597885,
2024-01-09,,0.9461956254799089,0.5970499552181746,
2024-01-10,0.8032594560848971,,0.651369090158279,
2024-01-11,0.6770045655092779,0.3564378912411994,1.4065477107230842,
2024-01-12,0.802470530341889,0.21209415575483168,0.32764367129547567,0.7169202693484046
2024-01-13,,0.15907314874243095,0.47662529453627955,
2024-01-14,1.285844684464336,0.14278770903032675,,1.0422644838192103
2024-01-15,,,1.472227829282128,
2024-01-16,1.5857456613065477,0.2131560948048495,,0.45502136517992897
2024-01-17,,,2.384853082671982,0.254129392006951
2024-01-18,1.6689813770149107,0.669396631100789,,
2024-01-19,,,3.164655103174277,
2024-01-20,1.9790122520900337,0.6123064382559572,,
2024-01-21,,,,0.38036956471207894
2024-01-22,1.1337537662887855,0.36361205670516733,0.6965787185329648,
2024-01-23,1.1068907501881016,,0.6487706695729264,
2024-01-24,,,1.826975192524282,
2024-01-25,0.934948332615647,0.16370369636906645,1.4224912374353085,0.6062253852805244
2024-01-26,,0.16299251305772722,0.6528216894248096,
2024-01-27,0.43484605412544775,0.5114397611827307,,0.5597023965095692
2024-01-28,,,2.175510426672064,
2024-01-29,1.4425334675793744,0.5785278912251128,,0.36716260664341177
2024-01-30,,,1.7801555444152624,0.3344675623092413
2024-01-31,,0.4367916459450498,,
2024-02-01,,,,
2024-02-02,1.034224969337098,0.3690735526970867,,
2024-02-03,,,0.8148265777073005,0.5494821165122238
2024-02-04,,0.47303760439244985,0.26434871554036893,
2024-02-05,,,0.6505630365764624,0.4303368758979191
2024-02-06,0.1987295251583512,0.15700648770987696,2.383543150674036,
2024-02-07,0.423653789001506,0.11928734080736103,0.7058474262772664,0.33300726138460385
2024-02-09,0.3055255290420876,0.16692809631730518,,0.4306616020145648
2024-02-12,,,1.492806281016663,
2024-02-13,,0.4612689451791107,,
2024-02-14,,,1.2146873611029114,0.32491434788427315
2024-02-16,,,1.8435040736820285,0.3244654219068663
2024-02-17,0.34477930108142957,0.3714995331308385,0.7597273888946766,
2024-02-18,0.7437953944835398,,1.2616912885829343,0.34644375032589203
2024-02-22,0.4345652099000857,0.18072957227367575,,0.7379146431939222
2024-02-23,,,0.7756578071498842,
2024-02-24,0.6849567596026185,0.14653117157685738,,0.7138259936420961
2024-02-25,,,,0.5363566540728855
2024-02-26,,0.527525382379185,,
2024-02-27,,,0.8759592855843267,
2024-02-28,0.3546469832171864,0.5005194609007304,,
2024-02-29,,,0.7188208759977605,0.32398832226231944
2024-03-01,1.2603788083706764,0.7570933602877197,0.5720000997088058,
2024-03-02,0.812569621891722,,0.6270286942122199,1.5478245409583082
2024-03-03,0.4560517932886461,0.20563346497280344,1.9557342243653542,
2024-03-04,0.23809889920417546,0.036701615726022006,0.5698815514550489,0.44967276731116945
2024-03-06,0.5463204737541012,0.1525852017604937,,1.5064909445755477
2024-03-07,,,,
2024-03-08,0.4199963360256606,0.18773130167167426,,0.32779227918230663
2024-03-09,,,0.3251934899695481,0.4584675174135965
2024-03-10,1.3276385697846742,0.30880936633748524,,
2024-03-11,,,0.402950661400889,0.7080936983192206
2024-03-12,0.5654992384680751,0.2609169556661692,,
2024-03-13,,,1.1752578500964215,0.5594310616610907
2024-03-14,0.4634580131941216,0.25905220963727493,2.131914103886943,
2024-03-15,0.146527110087919,,0.7349202672063833,0.5880031885842048
2024-03-16,0.20688406142099341,0.34751519756151505,1.5323066036530646,
2024-03-17,0.6585262863302455,0.2021538064215375,0.576654309455246,0.5115479241177008
2024-03-18,,0.10839953978546274,1.6278221584162267,
2024-03-19,0.4350950135368197,0.13741420134904034,,0.4296733646806919
2024-03-20,,,,
2024-03-22,,,0.8263212569541085,0.34759570699614545
2024-03-23,0.6654634474595428,0.46937981884400903,,
2024-03-24,,,0.515847394893682,0.5331232133252186
2024-03-25,0.3306315001418764,0.36120425232569764,,
2024-03-26,,,0.6411276472496922,0.2859577099601165
2024-03-27,,,0.6376688192578378,
2024-03-28,0.6426511743107232,,0.5063938437957067,0.3695482279126044
2024-03-29,0.600978662082739,1.0229561964781926,0.8416876424969711,
2024-03-30,0.4173241739532504,0.740799817838126,0.3712293024897311,0.28326815753964485
2024-03-31,,0.3205341676027816,1.014310470712285,
2024-04-01,1.0964212263682322,0.6547021030635924,,0.30240718945200407
2024-04-02,,,0.5383953216479114,
2024-04-03,0.7873871649112729,0.41876510718507576,,0.0831256644108625
2024-04-04,,,0.8233022106015252,
2024-04-06,,,0.7915283558116891,0.32813115212438265
2024-04-07,0.2552766741333397,0.34016886041132616,,
2024-04-08,,,0.7250235750486976,0.2956904845072315
2024-04-09,0.8177967459510505,0.31950275787778554,0.6576516982360081,
2024-04-10,0.282379614710059,,,
2024-04-11,0.35764457256567295,0.3535808021827345,,
2024-04-12,0.7145288341837249,0.19557138127505558,,0.4048304999123347
2024-04-13,,0.017898390741579985,0.5237754836360412,
2024-04-14,1.3414398331070283,0.0918524538647924,,0.4598010132378669
2024-04-15,,,0.776044160371374,
2024-04-16,0.5207680633283592,0.6908844089316798,,0.15899905244503762
2024-04-17,,,0.673523644967777,0.7081936460985405
2024-04-18,0.3863337665779879,0.9195377943422692,,
2024-04-19,,,0.41201382958930377,0.42613616486532463
2024-04-20,0.4453466388278788,0.880033674548899,,
2024-04-21,,,0.4491541164751768,0.38134301014478617
2024-04-22,0.30352514245051215,0.4606669955400491,,
2024-04-23,0.5857715517393025,,0.7704844632498904,0.3080934005615209
2024-04-24,0.16566712438219505,0.4871186180511254,,
2024-04-25,0.22208827989292376,0.3221344055445721,,0.4496915589455226
2024-04-26,,0.38776068853492124,0.5964479616415612,
2024-04-27,0.4425433756043392,0.37726378282957035,,0.23469355824504926
2024-04-28,,,0.614470913478973,
2024-04-29,0.7053223129779326,0.5158113207136371,,0.12288768473005535
2024-04-30,,,0.5710375853445375,0.19150128971953917
2024-05-01,0.3559864250428984,0.21360989493821636,,
2024-05-02,,,0.6557929629914222,0.44702721244721594
2024-05-03,0.6524423320671904,0.2423817214596566,,
2024-05-04,,,1.1044257455256994,1.159158520556889
2024-05-05,0.4198172220602064,0.19924801465771677,0.44090860325636133,
2024-05-06,,,,0.8216235063816665
2024-05-07,0.48026061431810807,0.06684736765707722,0.6471265546020172,
2024-05-08,0.45098884324874955,0.048935877127870696,,
2024-05-09,,0.07481881449641055,1.7641251297540455,
2024-05-10,0.6350187817610158,0.3705307506979828,,0.3736995332750799
2024-05-11,,,1.4625489712153095,
2024-05-12,1.00217654188147,0.8883629317192615,,0.23933559792343767
2024-05-13,,,0.7581198274857726,0.6791473033575506
2024-05-14,0.7476070204833235,0.4827726883566485,,
2024-05-15,,,0.5729619624285602,
2024-05-16,0.6612472481312803,0.632302356912016,,
2024-05-17,,,0.7538115435351391,
2024-05-18,0.446884782689374,0.808419021089251,0.9532637672930969,
2024-05-19,0.2804354629247354,,0.46966435200387735,
2024-05-20,0.18704261417639728,0.5034901688380992,1.0565611485480413,
2024-05-21,0.3338826279117218,0.2974555056337084,,0.9095583616922585
2024-05-22,,0.5607052499293323,0.8010335601334868,
2024-05-23,0.5463679834569768,0.6302394208822479,,1.3648738302889112
2024-05-24,,,0.30722918379343483,
2024-05-25,0.7771340193911677,0.7591017658719484,,
2024-05-26,,,,2.3139004743947518
2024-05-27,0.45332653530855344,,,
2024-05-28,,,2.4170037022590303,0.7613906048998541
2024-05-29,0.3661740987195965,,,
2024-05-30,,,,0.46550006191676296
2024-05-31,0.21294640436028064,0.3283349087618235,,
2024-06-01,0.4515519136604003,,0.8831902289440127,1.215344816000707
2024-06-02,0.18570151998149623,0.327872200927576,1.6398677514818156,
2024-06-03,0.33316509431803876,,,
2024-06-04,,,,
2024-06-05,0.6542996881270053,0.4165963563555634,,0.7461452260266318
2024-06-06,,,1.7706967961140787,
2024-06-07,0.5429835435988842,0.7951000197110252,,
2024-06-08,,,0.9281846678428811,1.7020200901227336
2024-06-09,0.3469876211138366,,,
2024-06-10,,,0.8002068895004053,0.12717166051888656
2024-06-11,0.49849725673495826,,,
2024-06-12,,,2.114143144639331,
2024-06-13,0.30885967921058216,,0.98640020036372,
2024-06-14,0.2694878769446421,,1.0520621783614361,1.4788282618222088
2024-06-15,0.16047250317725587,,1.5908920264015634,
2024-06-16,0.2533506858999959,,,0.5033785253896316
2024-06-17,,,2.8567756856916415,
2024-06-18,0.4301983169672907,,,1.0351147932812295
2024-06-19,,,,
2024-06-20,1.0074038614226684,,,1.0178495671494594
2024-06-21,,,,0.4538573149346682
2024-06-22,1.277253170864699,,,
2024-06-23,,,1.3440636582982668,0.33448811319469246
2024-06-24,1.8753124912778536,,,
2024-06-25,,,0.6134045655529782,
2024-06-26,1.9549637986721462,,,
2024-06-27,,,,
2024-06-28,,,,
2024-06-29,2.0346976955580427,,,1.4957757214152112
2024-06-30,,,,
2024-07-01,2.7166818177690484,,,
2024-07-02,,,,
2024-07-03,,,,0.7423947237149409
2024-07-04,,,,1.5431215757911905
2024-07-05,,,,
2024-07-06,,,,
2024-07-07,,,,
2024-07-08,,,,
2024-07-09,,,,
2024-07-10,1.874237622392379,,0.2852671446243771,0.2810126605560358
2024-07-11,1.5546163057227982,,2.476139504496152,
2024-07-12,,,,0.3207802092727726
2024-07-13,,,,
2024-07-14,1.1133548841234508,,,
2024-07-15,,,1.247516651645338,
2024-07-16,1.0302000683047847,,,
2024-07-17,,,,0.6827012674733396
2024-07-18,,,,
2024-07-19,,,,
2024-07-20,1.5143769341866176,,,
2024-07-21,,,,
2024-07-22,,,1.8023343678186174,
2024-07-23,2.233613925912213,,,1.0662321129306886
2024-07-24,2.535222836132565,,,
2024-07-25,1.3957652819636683,,,0.9869473962842663
2024-07-26,,,,
2024-07-27,2.193644487749649,,,2.082702349022239
2024-07-29,0.7994152359431144,,,1.8610911927583473
2024-07-30,,,,1.0139967724851136
2024-07-31,,,,
2024-08-01,,,,
2024-08-02,,,,
2024-08-04,,,,
2024-08-05,,,,
2024-08-06,0.5846463772211336,,,
2024-08-07,,,,
2024-08-08,,,,
2024-08-09,,,,0.3327672893598861
2024-08-10,,,,
2024-08-11,,,,0.3199196138523111
2024-08-12,,,1.3089321138280812,0.44474207576749397
2024-08-13,,,,
2024-08-17,0.6723182737659603,,,
2024-08-18,1.3034034757729387,,,0.22774636011507435
2024-08-19,1.5327317100351137,,,
2024-08-20,,,,
2024-08-21,,,,
2024-08-22,,,,0.5866575692365494
2024-08-23,,,,
2024-08-24,,,,2.1243641152977943
2024-08-25,,,,0.17875150334385342
2024-08-26,0.6564341148668191,,,
2024-08-27,,,,
2024-08-28,,,,
2024-08-29,,,0.20740711232722733,
2024-08-30,0.4574766184681808,,0.11729493121822196,
2024-08-31,0.5261457436872741,,0.46424776261814715,
2024-09-01,0.8023095733053037,,,
2024-09-02,,,,0.8031883953538713
2024-09-03,,,1.1192161456506085,
2024-09-04,,,,
2024-09-05,,,0.5676438103505322,
2024-09-06,,,,
2024-09-07,,,0.9804006762723219,
2024-09-08,,,,
2024-09-09,,,0.6153682174389823,
2024-09-10,0.7713162704460875,,,
2024-09-11,,,,
2024-09-12,,,,
2024-09-13,,,,0.37557135650796875
2024-09-14,,,,
2024-09-15,0.6711423013403514,,,0.237050037559732
2024-09-16,,,,
2024-09-17,0.9190341155563225,0.341341804804261,,0.17699335758715856
2024-09-18,,,0.234877923212036,
2024-09-19,,,,0.4565152980986872
2024-09-20,,,0.5014726400448942,0.3444070914359181
2024-09-22,,,0.27787286006165046,
2024-09-23,0.8601436197185058,,,
2024-09-24,,,,1.0812104192683207
2024-09-25,1.4450871755844685,,,
2024-09-26,,,,
2024-09-27,0.40821124140076015,,,
2024-09-28,2.3372666456349274,,,
2024-09-29,,,0.5633967125022932,
2024-09-30,0.8160528229321126,,,
2024-10-01,,,0.9529764655010798,
2024-10-02,0.2704963515686795,0.9017430459004142,,0.11459019267946195
2024-10-03,,,,0.34383397230756546
2024-10-04,0.21435685063693047,,,
2024-10-06,0.3023201507858801,0.3570734224070337,,
2024-10-07,,,0.5242610636359181,
2024-10-08,0.42201128893485096,0.5713717681949307,0.35020599324187407,
2024-10-10,0.23757382233630214,,0.9450743128600799,
2024-10-11,0.1884959562347721,0.7217102982423592,,
2024-10-12,,0.8236145267303173,1.1569165358689228,
2024-10-13,0.48927431501819707,0.32922738488982706,,
2024-10-14,,,0.8635191298169781,
2024-10-15,0.3581698197782999,,,
2024-10-16,,,2.0921375004692147,
2024-10-17,0.47316037227130486,,,
2024-10-19,0.43442727506545487,,,
2024-10-20,,,0.7649188369574703,
2024-10-21,,,,
2024-10-29,,,0.3354540039386068,1.93701163748625
2024-10-30,0.41267260173295445,0.48827220335276367,,
2024-10-31,,,0.5893497608170698,
2024-11-01,0.3049840591122208,0.8163143266771488,,
2024-11-02,0.9467564912361391,,0.4549105030315102,
2024-11-03,0.7867782990392308,0.3543046875251534,0.8453610479191309,
2024-11-04,1.4822942774641374,,0.8037552681631941,0.30885672469687936
2024-11-05,0.9055717279966411,0.511369097562833,1.0225694293809091,
2024-11-06,1.1381186861727512,0.34190667409203424,,
2024-11-07,,0.3689540193861977,0.6131316319262975,
2024-11-08,1.2729107244075837,0.49326143032779113,,0.228022150820793
2024-11-09,,,0.20306869434728447,
2024-11-10,0.7237965272939499,0.6832305854638281,,0.39551128422193815
2024-11-11,,,0.3758444882713778,
2024-11-12,0.42334767388604067,0.44147393959350867,,
2024-11-13,,,0.37243618624985714,
2024-11-14,1.2597677648166359,0.2633758091751834,,
2024-11-15,0.920489409679099,,0.44108209932205555,
2024-11-16,1.124700759449923,1.1738026669292256,0.4020996396974368,
2024-11-17,1.603702437792025,,0.6862565258304448,
2024-11-18,,0.18564361882374394,0.5834668890553663,
2024-11-19,2.1119243190099053,0.3810026485596528,0.638563820472998,
2024-11-20,,0.5806512567089855,0.42620699255039274,
2024-11-21,0.6162740689988183,0.3947733055690656,,
2024-11-22,,,0.7846855168585046,
2024-11-23,1.0123245614786747,0.5132183849051419,,
2024-11-24,,,1.0890421217465327,
2024-11-25,1.900436281833666,0.7572459388551236,,
2024-11-26,,,0.7969630874336938,
2024-11-27,0.482617662153911,0.2467710500550867,,
2024-11-28,,,0.5644948154867461,
2024-11-29,0.47486058957882005,0.20147411463787976,,
2024-11-30,0.5295443079397993,,,
2024-12-01,0.400658657338591,1.2965856393576474,0.35851342286737353,
2024-12-02,0.32314974872293784,0.6670264440896997,,
2024-12-03,,,0.606953741747886,
2024-12-04,0.15801778589039633,0.3649070344710102,,
2024-12-05,,,0.36676356956895945,
2024-12-06,,,,
2024-12-07,,,0.3823928443574043,
2024-12-08,0.6329937599738101,0.14986563294607338,,
2024-12-09,,,1.1543586696534895,0.825732041326607
2024-12-10,0.29247558836508725,0.1703992110724876,,
2024-12-11,,,0.8393980082673028,
2024-12-12,0.3762344414416366,0.43291223354414976,0.531013060318036,
2024-12-13,0.31756987963381655,,0.5519541247426331,
2024-12-14,0.22244363086660293,0.21035362357764384,0.5421049691387158,
2024-12-15,0.3930866453305561,0.2364901281326379,0.3577732669388113,
2024-12-16,,0.0707913118824042,0.4096196531750953,
2024-12-17,0.7139584386934241,0.20136430259380075,,
2024-12-20,,,,
2024-12-21,0.5874615172012827,0.7520181398090411,,
2024-12-22,,,0.3667659255963,1.327960483011711
2024-12-23,,,,
2024-12-24,,,,
2024-12-25,1.208467525071767,1.0105675262912555,,
2024-12-26,,,,
2024-12-27,,0.47829552747760756,0.44692009732270876,
2024-12-28,,0.7793960193095628,0.5228460930998203,
2024-12-29,,0.5811211984223983,0.45960800653677547,
2024-12-30,,0.5115480466533352,,
2024-12-31,,,1.0721111023542274,
2025-01-01,,0.43195658991164304,,0.6489444733704658
2025-01-02,,,0.4519195420196739,0.6433457919572334
2025-01-03,2.046548939677981,0.10155801221502662,,
2025-01-04,,,,
2025-01-05,0.6516467283254707,0.38233539333928906,,
2025-01-06,,,0.4500393621545151,
2025-01-07,,0.4353054531149498,0.8868641854659721,
2025-01-08,0.4012589009959266,,0.4757649208522182,
2025-01-09,0.8549155441418199,0.48645528036118485,0.7919690973461052,
2025-01-10,,0.7697647244127337,0.791375983890911,
2025-01-11,,0.7956590155695982,0.5736592116126867,
2025-01-12,,0.743579374568607,,
2025-01-13,,,0.9320799433749958,
2025-01-14,0.5417887743012074,0.5145991005211604,,0.569953101094058
2025-01-15,,,0.8417418322031971,
2025-01-16,0.9029654327298893,0.5005844843599279,,
2025-01-17,,,0.48091447867514076,
2025-01-18,0.67887988946544,0.26849882889587146,,
2025-01-19,,,0.3297138356909265,
2025-01-20,0.33248547693045394,0.4187784749678092,0.3834285317627722,
2025-01-21,0.35877900959892295,,0.5888109552611762,
2025-01-22,0.40101139101110667,0.46942328544377304,0.49698096379827994,
2025-01-23,0.5197345394597161,0.5093767254586776,0.8422990087482811,
2025-01-24,,0.3715807497787006,1.3259399421832474,
2025-01-25,0.14956622516364465,0.250126551443009,,0.6245630721396572
2025-01-26,,,0.3918383863181445,
2025-01-27,0.2960675770443274,0.4379927003362762,,0.43315598013987106
2025-01-28,,,0.8331676505391535,0.7542377452207905
2025-01-29,0.5106068216907911,0.24227483566825697,,
2025-01-30,,,1.5464356715862568,0.48727843740991283
2025-01-31,0.6207405140994736,0.20005690215656963,,
2025-02-01,,,,0.22018936292234553
2025-02-02,1.0834531423837739,0.33449172130142785,,
2025-02-03,0.3754642486326324,,0.7605658775032724,0.1420733869878984
2025-02-05,0.28082017205293897,0.22596501294414864,0.6301726551110148,0.3069446370618366
2025-02-06,,0.3741797509404043,0.8534104566096246,
2025-02-07,0.19163579446507478,0.4442476864216144,,0.4012434714790606
2025-02-08,,,0.21733711289549143,
2025-02-09,0.28539213055989865,0.4583668038971798,,
2025-02-10,,,0.3937287213501077,
2025-02-11,0.32556023321020705,0.3116189506646369,,
2025-02-12,,,0.9097985891237343,0.21699571564903553
2025-02-13,0.20013496785668783,0.10892936740044411,,
2025-02-14,,,0.22861957086343623,0.12287128270483268
2025-02-15,0.36094984597109697,0.07516941990756612,0.29531472416698135,
2025-02-16,0.512558076564403,,0.30471204505151434,0.28217846372803007
2025-02-18,0.36915152652519884,0.12119816139434428,0.8636411475747608,0.3854080701879858
2025-02-19,,0.09544493340703297,1.5152255853342966,
2025-02-20,0.4937650000684437,0.1363702609141159,,0.29629327464053146
2025-02-21,,,0.440218853802036,
2025-02-22,0.570377335323744,0.11960134743306601,,0.3517214248629025
2025-02-23,,,0.8255069251421431,0.2947473540551793
2025-02-24,0.3796605814147248,0.16837757069758366,,
2025-02-25,,,1.4887334750043761,0.3228845219893804
2025-02-28,0.3697344420588784,0.46230054978791507,0.6918968828537004,
2025-03-01,1.1030682550465807,,0.4576120703086454,
2025-03-02,0.1904725186835679,0.4143666683095919,0.7290886711356054,
2025-03-03,0.35728632108420133,0.30242261365926915,0.5094927114853303,0.2439130816077548
2025-03-04,,0.1471461051427238,0.1756344422739636,
2025-03-05,0.16234811477798194,0.11621201263853839,,1.0453819754293097
2025-03-06,,,0.15509384660629244,
2025-03-07,0.2508779211278404,0.09992440410563347,,0.22899441320517355
2025-03-08,,,0.451394240452585,0.23547993878582263
2025-03-09,0.2786859954550295,0.1822875699637031,,
2025-03-10,,,0.35614205273802874,0.21405324916231785
2025-03-11,1.1902920542912856,0.34791675188289745,,
2025-03-12,0.33954196634385647,,0.22201978684883117,
2025-03-13,0.4350174544690778,0.3963019730318991,0.4236070877980747,
2025-03-14,0.33967285582702317,,0.5486027069998402,0.19574502624082105
2025-03-15,1.2190387217552159,0.5581321591282075,0.6121010678931064,
2025-03-16,0.27663192746660015,0.5480061767516017,0.5514183749845183,0.1555652644984549
2025-03-17,,0.22110070800639994,1.076486092940576,
2025-03-18,0.22597872259613275,0.15042306889187904,,0.11837687188030906
2025-03-19,,,0.4596432692008189,
2025-03-20,0.31821797425654647,0.30141731693851576,,0.050287427005918935
2025-03-21,,,0.993877594397139,0.14669366974395473
2025-03-22,0.38676346473656126,0.12708924007709144,,
2025-03-23,,,1.242749039318358,0.4344109086538991
2025-03-24,0.2611813226667341,0.2831579956747233,,
2025-03-25,,,0.5822701158343302,0.2791656176929591
2025-03-26,0.2592282624395018,0.3026064448455522,0.4592099093765993,
2025-03-27,0.42917297429876594,,0.26260873668826573,0.2798923872266722
2025-03-28,0.13991910073199876,0.39836458834858895,0.26631026649501477,
2025-03-29,1.1647032030498337,0.6731829304939392,0.34804434626950403,0.3712467480199332
2025-03-30,,0.7074012487504142,0.6401432693564819,
2025-03-31,0.12699081626601974,0.7306976639814478,,0.5622835610414806
2025-04-01,,,0.5129545553447873,
2025-04-02,0.24841591372634658,0.6770416481790121,,
2025-04-03,,,0.6084289221644493,
2025-04-04,0.29565464079704196,0.6230053304846204,,
2025-04-05,,,0.41919204594194165,0.4063116989426338
2025-04-06,0.2555173929566327,0.2391857919619213,,
2025-04-07,,,0.4471962117820256,0.31329439537666953
2025-04-08,0.39144047778486696,0.3453557539117782,0.7220070232878198,
2025-04-09,0.4903219244684254,,0.30330437671811505,0.31560968393751526
2025-04-10,0.7140947166293582,0.466262888151205,0.5300615630239037,
2025-04-11,0.4393438279886833,0.3739304841995059,0.29723995567469047,0.7062872509569046
2025-04-12,,0.18130546140789833,1.1868083614611813,
2025-04-13,0.3850474405902071,0.22245631224322737,,0.5644778003759191
2025-04-14,,,1.6794705820490041,
2025-04-15,0.5819805286287659,0.1808747252083538,,0.7318606684531329
2025-04-16,,,0.8585135622494886,
2025-04-17,0.35599893027731405,0.2282983077664904,,
2025-04-18,,,1.5340984025885505,0.8559122617688465
2025-04-19,0.4554586721089586,0.2997177022602967,,
2025-04-20,0.4229454552994094,,1.1252795516616543,0.5138725562255303
2025-04-21,0.3725069305817348,0.35700411450704145,,
2025-04-22,0.2695237998625316,,0.737614044921174,0.3998922047341073
2025-04-23,0.24459966762147145,0.5879680969732539,,
2025-04-24,0.22248860074213198,0.4805103524836613,0.4704371972721571,0.2214655272455392
2025-04-25,,0.5088926860923001,0.7957386762529881,
2025-04-26,0.5656862973823317,0.5606030346990535,,0.3724142266161065
2025-04-27,,,0.7882454836578178,
2025-04-28,0.521192471049632,0.17719379092755236,,
2025-04-29,,,0.5644837477467222,0.3685820154463903
2025-04-30,0.5343884342669908,0.24762755040306714,,
2025-05-01,,,0.4983883680511063,0.733523184082402
2025-05-02,1.0635170053343896,0.15554782807613074,,
2025-05-03,,,0.5858203863465402,0.3190538378410141
2025-05-04,1.1329529669152862,0.24674773692169485,0.985816219838636,
2025-05-05,1.6123390334046146,,0.6810488766865775,0.9210025761046918
2025-05-06,0.7748881895276732,0.2348954647554745,1.3419233642859048,
2025-05-07,0.9655717659237882,,1.0649071610639211,0.7717736316846535
2025-05-08,,,1.0017967096274756,
2025-05-09,0.7128482581519123,,,0.3550801749790829
2025-05-10,,,0.49865607812695983,
2025-05-11,0.36803609994196657,0.3385815975426739,,0.5547152257320531
2025-05-12,,,1.0280559237682965,0.5001705109360859
2025-05-13,0.4241163293163357,,,
2025-05-14,,,0.706453823646821,0.9475939634956215
2025-05-15,0.43564905983060165,,,
2025-05-16,,,,1.0497131124779588
2025-05-17,0.38132374593780244,,1.8882924879812213,
2025-05-18,0.40204424042334197,,,
2025-05-19,0.6368186837600585,,0.4874112773378726,
2025-05-20,0.5752091831149255,,,
2025-05-21,,,0.6507301285532536,
2025-05-22,0.5536679610082477,,,0.5851234236711189
2025-05-24,0.804558597145961,,,0.5331592635505108
2025-05-25,,,,
2025-05-26,1.175622512875281,,,
2025-05-27,,,,
2025-05-28,1.2047037368757298,,,
2025-05-29,,,,
2025-05-30,,,2.7101323564089195,
2025-05-31,,,,
2025-06-01,0.9748974685381476,,1.372147389292813,
2025-06-02,0.5289759739447408,,0.6317968549184202,0.24134437529394379
2025-06-03,,,1.0261570437638303,
2025-06-04,0.7554563580939194,,,0.14005497744725012
2025-06-05,,,2.3239937094462912,
2025-06-06,0.6111687446837158,,,0.3595953799145756
2025-06-07,,,0.534058397134804,0.5638709712138382
2025-06-08,0.6285511392209122,,,
2025-06-09,,,0.7577849194383596,0.42826566514077846
2025-06-10,0.42459198623208455,,,
2025-06-11,,,0.8382077884530172,
2025-06-12,0.7110890466023844,,,
2025-06-13,1.3444392284518456,,0.30942251867384585,
2025-06-14,0.8043295233970574,,1.2841266977498071,
2025-06-15,2.201122225356121,,,
2025-06-16,,,0.8198328200875972,
2025-06-17,2.6378310502447078,,,1.1252063299640578
2025-06-18,,,,
2025-06-19,1.067161299443824,,,2.3525447197681526
2025-06-20,,,,0.218762914616637
2025-06-21,,,,
2025-06-22,,,,
2025-06-23,2.2232073080545867,,,
2025-06-24,,,1.1401702310138344,
2025-06-25,,,,
2025-06-26,1.3319756108244212,,,2.1287214034634667
2025-06-27,0.4779448741359344,,,
2025-06-28,,,,0.6614055810345182
2025-06-29,,,,
2025-06-30,,,,1.276487271418953
2025-07-01,,,,
2025-07-02,,,,
2025-07-03,,,0.9764003694820692,
2025-07-05,,,,0.9867063152770965
2025-07-06,,,,
2025-07-07,,,,1.4113941381150874
2025-07-08,1.2077288315445753,,,
2025-07-09,2.302913612405579,,,0.5751678463912244
2025-07-10,,,,
2025-07-11,,,,0.32393999629507814
2025-07-12,,,,
2025-07-13,0.511858847791539,,,0.021556167225615076
2025-07-14,,,,
2025-07-15,,,,0.5820466350256543
2025-07-16,,,,0.17535235892276688
2025-07-17,,,,
2025-07-18,,,0.4726377690697435,
2025-07-19,,,,
2025-07-20,,,,
2025-07-21,,,,
2025-07-22,,,1.50867166763982,
2025-07-24,0.6531887056979342,,,1.579530221542851
2025-07-25,,,,
2025-07-26,0.3741911036288477,,,
2025-07-27,,,1.2932099674469624,
2025-07-28,,,,
2025-07-30,,,,
2025-07-31,,,,1.0659360103002102
2025-08-01,,,,
2025-08-02,,,1.7821704230117448,1.0840097226087813
2025-08-03,1.491174933368482,,1.1829032868146896,
2025-08-04,,,,2.090255853010808
2025-08-05,,,,
2025-08-06,1.6884015122092366,,,0.24822952756972957
2025-08-07,,,,
2025-08-08,1.069588977099565,,,
2025-08-09,,,0.6107876733765749,
2025-08-10,1.0406644878027758,,,
2025-08-11,,,1.6022281777358607,1.8221929666997194
2025-08-12,,,,
2025-08-13,,,,
2025-08-14,,,,
2025-08-15,,,0.36822484406352435,1.214845105546918
2025-08-16,0.9451230844416448,,0.44175932880271346,
2025-08-17,,,2.538462734900052,
2025-08-18,1.1212597170865806,,,
2025-08-19,0.4669327454772263,,,
2025-08-20,,,,
2025-08-21,,,,0.12461487582143375
2025-08-22,,,,
2025-08-23,,,,
2025-08-24,,,,0.1284593844886065
2025-08-25,,,,
2025-08-26,,,0.28501685965383444,0.6098363688111346
2025-08-27,,,,
2025-08-28,,,,1.2024262839023372
2025-08-29,,,,
2025-08-30,,,1.114505817633036,0.2633463678009679
2025-08-31,,,0.8166661786196284,
2025-09-01,,,,
2025-09-02,,,,
2025-09-03,,,,
2025-09-04,,,,
2025-09-05,,,,0.3227254610703901
2025-09-06,,,0.425416275267246,0.24300559930031898
2025-09-07,0.5320988694710912,,,
2025-09-08,,,0.3823551401879858,0.1556541922077743
2025-09-09,0.3231546383956195,,,
2025-09-10,,,0.4750622489782352,0.28568907983238273
2025-09-11,,,0.4418611855117005,
2025-09-12,0.8749780371409315,,,2.7418783366610917
2025-09-13,0.56240355460353,,0.6996465980372133,
2025-09-14,0.49494179163145907,,,0.5435536014682888
2025-09-15,,,,
2025-09-16,0.3922243535539918,,,
2025-09-17,,,0.47632139984490035,
2025-09-18,0.8634096027547695,,,
2025-09-19,,,,
2025-09-20,0.3829145990338488,,,
2025-09-21,,,1.4168656174869085,
2025-09-22,0.2388627170033959,,,
2025-09-23,,,,1.8864986231438132
2025-09-24,0.1070942603970922,,,
2025-09-25,0.24026112408586212,,0.19298208465836317,0.4578353570481451
2025-09-26,0.2350670133270193,,,
2025-09-27,0.4512305451565243,,,
2025-09-28,,,0.22232607305495372,
2025-09-29,0.4832387680887048,,,
2025-09-30,,,,
2025-10-01,0.789260644238119,,,
2025-10-02,,,,
2025-10-03,,,,
2025-10-04,,,,0.302254119233257
2025-10-05,0.4797569859827493,,,
2025-10-06,,,,0.16978921386364776
2025-10-07,0.5515633641868737,,,
2025-10-08,,,1.3251777547061758,
2025-10-09,0.44523147651671474,1.0175299120479437,1.4830173780524927,
2025-10-10,0.35639601987425407,0.34065931939268274,,
2025-10-11,,0.33430643757932693,0.4855766297941141,
2025-10-12,0.23358509828374233,0.1700586407938946,,
2025-10-13,,,0.4039232488219302,
2025-10-14,0.283375575868569,0.19962385088264456,,
2025-10-15,,,0.24068858163611306,
2025-10-16,0.3538550991897329,0.26131578679141754,,
2025-10-17,,,0.3509424359518436,
2025-10-18,0.5322001619934974,0.5589834939947732,,
2025-10-19,,,0.445942441455132,
2025-10-20,0.9029665878403198,0.6001038227563011,0.45979341247904243,
2025-10-21,2.044817521637862,,0.21518612859978123,
2025-10-22,1.4210237562257524,0.2591913454009905,0.26558679569294924,
2025-10-23,0.6377367879627655,0.4552452520311343,0.3343092947768303,1.466154252569239
2025-10-24,,,,
2025-10-25,0.6545605316245122,,,
2025-10-26,,,0.5782463962988847,
2025-10-27,,,,
2025-10-28,,,0.8611948137305881,
2025-10-29,1.5035824170775407,0.22061085538997144,,
2025-10-30,,,,0.05815401674810169
2025-10-31,1.2297652968074837,,,
2025-11-01,,,1.1927643109065582,0.2193476274368836
2025-11-02,0.7532132986870429,,,
2025-11-03,0.9941482399974523,,0.7398734916301155,
2025-11-04,0.5073441674439628,,1.619724308380543,
2025-11-05,0.4046116159607363,,0.7845977989113155,
2025-11-06,,0.5474547534797356,0.5639587853817952,
2025-11-07,0.3363503378720592,0.23853314519939883,,0.5623874287374995
2025-11-08,,,0.14226605614690313,
2025-11-09,0.6006035469034735,0.08582594836467115,,1.1344657137515617
2025-11-10,,,0.3504726480509897,1.2187672179004643
2025-11-11,0.6882839367470563,0.2708054943384305,,
2025-11-12,,,0.42616392440278983,
2025-11-13,0.9494832846301895,0.32261464463707257,,
2025-11-14,1.0032125930091245,,0.3860792959563553,
2025-11-15,0.6929852360198855,0.24637796426368916,0.49234270495649696,
2025-11-16,0.4344757182624497,,0.5066973775906995,
2025-11-17,0.6854583339491207,0.2609208219027547,0.3778355630298032,
2025-11-18,0.6224568149203923,0.2769962456065171,0.18065556233194666,
2025-11-19,,0.2553468186908163,0.09125792847496247,
2025-11-20,0.7385409881703091,0.22842841222964091,,
2025-11-21,,,0.5197079244022446,
2025-11-22,0.8553961524379501,0.24501656868004834,,
2025-11-23,,,0.6734418657662389,
2025-11-24,0.4817574139929609,0.3428944218614164,,
2025-11-25,,,0.5694309911034074,
2025-11-26,0.46124494458935467,0.6568700104981033,,
2025-11-27,0.4261315226087797,,0.2322210894363127,
2025-11-28,0.5657987922192936,0.5268563165062877,0.22219293859274958,
2025-11-29,0.5782248530716971,,0.5116004915415112,
2025-11-30,0.6989713372084608,1.0926392710691977,0.9121590635990513,
2025-12-01,0.3741138486914486,0.3830543926364101,,
2025-12-02,,0.6476954720581932,0.9936233247436387,
2025-12-03,0.34152266615757637,0.4151945875304028,,
2025-12-04,,,0.6438300059806084,
2025-12-05,0.41803926665432084,0.3992275348332847,,
2025-12-06,,,0.3163244411963561,
2025-12-07,0.30329507532261774,0.2652647169880214,,
2025-12-08,,,1.0228210051468152,
2025-12-09,0.2776994024222338,0.08040593226153452,,
2025-12-10,,,0.8910196635516813,0.7848000671985923
2025-12-11,0.38556795954846035,0.08735003863888795,0.7498979289959622,
2025-12-12,0.6451177945252875,,0.8039259743912216,0.4024777098525562
2025-12-13,1.0336072057492238,0.14316062362736734,0.5671167681160632,
2025-12-14,1.3645999240915014,0.22284496787177066,0.29255886154031063,0.4132073340233709
2025-12-15,,0.1771991544959443,0.2944142116493315,
2025-12-16,0.3077653295527165,0.22032875993988005,,
2025-12-17,,,0.7696442312981945,
2025-12-18,1.8125986464839567,0.14511310687914958,,
2025-12-19,,,0.5834631424830455,0.7059024095190013
2025-12-20,1.3464205041344508,0.0494364028169844,,
2025-12-21,,,1.1476463556983385,1.2364297553995287
2025-12-22,0.8211736009010141,0.42622078320236745,,
2025-12-23,,,0.5366737395626624,0.37620650401365513
2025-12-24,0.18077611993354076,0.11342643000849512,1.0546427755343215,
2025-12-25,0.5508878908903572,,0.9002763446364895,
2025-12-26,0.7171810958956388,0.38227324435729104,0.7535088911864567,
2025-12-27,0.7402471115296793,0.38266232466159916,0.7047437318138071,
2025-12-28,,0.3277454495514437,0.6415091169847107,
2025-12-29,,0.2793346027357791,,
2025-12-30,,,0.8350655276936544,
2025-12-31,,0.2579876281111511,,
2026-01-01,,,0.5145236511436058,
2026-01-02,,0.5369780487122152,,
2026-01-03,,,1.0643306502145504,0.8802498298409943
2026-01-04,,1.4553230878692962,,
2026-01-05,,,,
2026-01-06,1.120050417277763,0.5680367903094719,,
2026-01-07,,,0.5461600972575151,0.39833295763060145
2026-01-08,0.5386246735469964,0.25692557809170785,0.3654281985187524,
2026-01-09,1.1224515353320532,0.28026506240204524,0.27238527477907565,
2026-01-10,,0.28259375533470765,0.35291793271594435,
2026-01-11,0.2587053049545645,0.25085090384057573,,
2026-01-12,,,0.33089978714386814,
2026-01-13,0.4508968812577736,0.3592451904005804,,0.5535734616259326
2026-01-14,,,0.6097001657898319,0.293885266391152
2026-01-15,0.4524634612366983,0.17018761609532462,,
2026-01-16,,,0.40079472944214567,0.7028299503115365
2026-01-17,0.6448266065861544,0.2693086035154049,,
2026-01-18,,,0.5712389848935522,0.25104842154847573
2026-01-20,0.6585288718501888,,0.772852271124481,0.407955563075061
2026-01-21,0.618423231559352,0.5630089593634773,0.820688365913876,
2026-01-22,0.45150798970699263,0.8226042147358088,0.5997060300094406,0.25159354147760205
2026-01-23,,0.965139361186461,0.47801267641828055,
2026-01-24,0.37060964228615206,0.6313637452892807,,
2026-01-25,,,0.6259504766610299,
2026-01-26,0.3304308698694139,0.9855161555967903,,
2026-01-27,,,0.44747708563907734,0.6635719401341681
2026-01-28,,0.12589709967079518,,
2026-01-29,,,0.9800815130496441,0.7353373215494557
2026-01-30,0.3139203508713408,1.1468903584074652,,
2026-01-31,,,0.9775558258466747,
2026-02-01,0.9387509912770257,0.7258544356402351,0.9084179206318865,
2026-02-02,,,0.37382448852474454,
2026-02-03,0.7954365576578385,0.8849755828306647,0.6197056926010647,
2026-02-04,0.8264726449806653,0.6498929655905498,0.6781796649214133,
2026-02-05,,0.7691030639996588,0.3565656372222878,
2026-02-06,0.24876059253896687,0.5826865088947224,,0.2755941767892348
2026-02-07,,,0.23418559154732668,
2026-02-08,0.4555890296446241,0.34643539200592777,,0.4848343455423348
2026-02-09,,,0.2690847962625556,0.4156244260725199
2026-02-10,0.47914313302210665,0.47836556176651385,,
2026-02-11,,,0.29999754716344507,
2026-02-12,0.4710516400167227,0.31785440030933143,,
2026-02-13,,,0.39763072428617285,
2026-02-14,0.2901920565442068,0.44956976700775436,0.3680087531532273,
2026-02-15,0.3334884721155862,,0.4559443449516035,0.39066169106493326
2026-02-16,0.3662718028347947,0.6396551578329167,0.3634597534760346,
2026-02-17,0.32038598191596956,0.7789298811295979,0.22625343022010205,0.4196868019915444
2026-02-18,,,,
2026-02-19,0.47806105249519076,0.7784453611086251,,0.24812660631910566
2026-02-20,,,0.40059902279406273,
2026-02-21,0.42113689712673713,0.4572344309267919,,
2026-02-22,,,0.7127243554739822,
2026-02-23,0.3212223868584464,0.2552306047255316,,
2026-02-24,,,,
2026-02-25,0.3243965070197642,0.21747146105224285,,
2026-02-26,,,0.35350201764718253,0.34468726548961964
2026-02-27,0.280082869165406,0.06890872138115658,0.4748037557723997,
2026-02-28,0.42246962476295274,,0.25485143432078505,0.5420128697842623
2026-03-01,0.28592015057368186,0.11403904988387639,0.761749694804811,
2026-03-02,0.31994029298770454,0.252511245715093,0.7205388040631476,0.5207567233401279
2026-03-03,,0.3543783055689108,0.21224303547621232,
2026-03-04,0.23000702503882187,0.2011971585862516,,0.37875997810269496
2026-03-05,,,0.36113372381210174,
2026-03-06,0.3449350209035968,0.13136137871710116,,0.3496194707422268
2026-03-07,,,0.8293697106604078,0.4138284579043735
2026-03-08,0.2746952958783229,0.20618523848465292,,
2026-03-09,,,1.3920292061794002,
2026-03-10,0.5037779769800723,0.2025590914699148,,
2026-03-11,,,2.2865637913924775,0.22475915653434134
2026-03-12,0.727014378238417,0.338721543891714,,
2026-03-13,1.0646942425227728,,0.4341862365210774,0.3309813706996301
2026-03-14,1.4595330777064046,0.42882674659852543,0.7080042156134375,
2026-03-15,0.3560289813362952,0.3798941899619062,1.2930032084407173,0.204577848614413
2026-03-16,,0.15217499959163924,0.9589610612556881,
2026-03-17,0.9810129058341649,0.2531806411636643,,0.8868891744497623
2026-03-18,,,0.6820782034824029,
2026-03-19,1.5565344807336474,0.231843477238494,,0.09756244700787048
2026-03-20,,,1.8488046675545142,0.37163947406060777
2026-03-21,0.5498397065117624,0.14906609247783476,,
2026-03-22,,,0.4322932719189043,0.37720389528372955
2026-03-23,0.4119229017060295,0.2549980462895717,,
2026-03-24,,,0.623444740043179,0.2732518812938507
2026-03-25,0.21203910874350754,0.41021035899328195,1.114861101288895,
2026-03-26,0.738007181391496,,1.0010092692072008,0.2898354693328308
2026-03-27,0.3982196955082055,0.6338187152603635,0.23352257767749046,
2026-03-28,0.9760579518298078,0.1267362777902238,0.48021110337429324,0.38371133189444334
2026-03-29,,0.1810742182033356,,
2026-03-30,0.771609091324561,0.274091059304148,,0.4445403838096367
2026-03-31,,,,
2026-04-01,0.646939890207787,0.2793709159912269,,0.1418577633841628
2026-04-02,,,0.3665485016616692,0.0863975469835461
2026-04-03,0.6450866160925713,0.31800382767128516,,
2026-04-04,,,0.6560271716824602,1.055039136360089
2026-04-05,0.42249971130760006,0.10124259881548704,,
2026-04-06,,,0.5467109347234187,
2026-04-07,,0.2029203830965535,0.6565879935741895,
2026-04-08,0.4755062104680532,,0.4424593258802581,0.4673826004941324
2026-04-09,0.4316196322757613,0.180825056030324,,
2026-04-10,0.16254827820739487,0.17834805405880438,0.1942825174609725,0.451585628790874
2026-04-11,,0.15676606856993905,0.34955652247048746,
2026-04-12,0.154853717134772,0.19268664047105719,,0.31233688426126427
2026-04-15,,,0.4900240287620317,0.3702385527767077
2026-04-16,0.2824139852145516,0.06549190509436356,,
2026-04-17,,,1.0277146918433053,0.3816340502517836
2026-04-18,0.2472664913878355,0.5604640481541712,,
2026-04-19,,,0.8790179749354502,0.24012063295772598
2026-04-20,0.16579656647677052,0.35379428403154,0.9788185703451667,
2026-04-21,0.20080510496064446,,0.736989702280511,0.2102122527310181
2026-04-22,0.18346800331378804,0.42702653913518773,0.4716155632443106,
2026-04-23,0.20068683591327477,0.46277174189740133,0.6188450713804112,0.216779647181078
2026-04-24,,0.5578918567135172,0.4402107580859939,
2026-04-25,0.23644550478624837,0.6017082525783648,,0.40446199348268697
2026-04-26,,,,
2026-04-27,0.23567911673382366,0.38249831795620126,,0.38686459695801456
2026-04-28,,,1.1487198726568455,0.8150852875638284
2026-04-29,0.4709353239064811,0.23102283393226808,,
2026-04-30,,,,0.542731001033427
2026-05-01,0.3523033288597153,0.10062767325313199,,
2026-05-02,1.0664223022165822,,0.7186092459086747,0.43247846960027003
2026-05-03,0.4565647877229365,0.15726859142452373,1.0587992734051141,
2026-05-04,0.21227830856824406,,0.5338225980648708,2.5765336295087895
2026-05-05,0.6047537907136405,0.17382635402569815,,
2026-05-06,0.39041959894097766,0.2538594224649817,,
2026-05-07,,0.34882125149867055,0.6054110301690411,
2026-05-08,0.28462721965999294,0.5000626959463105,,
2026-05-09,,,0.4864443529237038,
2026-05-10,0.6378682390651033,0.24099364116779698,,
2026-05-11,,,0.4632870925952043,1.0327487252671115
2026-05-12,0.5754614500732091,0.2159001629101313,,
2026-05-13,,,0.6229569548515224,0.353721294092031
2026-05-14,0.47077063219238013,0.5389565403192411,,
2026-05-15,,,0.47340660150454733,
2026-05-16,0.30668941271385197,0.311375342522572,0.6736373507154334,
2026-05-17,0.377671108362895,,0.9602912545309663,0.6564914793346648
2026-05-18,0.24647862203229878,0.21499107304931164,0.39542768271700457,
2026-05-19,0.3203502643436367,1.1736120852569443,,0.29682545764053303
2026-05-20,,0.7051619286221629,1.1184616621597687,
2026-05-21,0.29854469422389335,,,0.38985351735312856
2026-05-22,,,1.5097110016577429,
2026-05-23,0.5326305890736592,,,
2026-05-24,,,0.9655086911123772,0.6281307239165563
2026-05-25,0.4504750629391879,0.27429281775297243,,
2026-05-26,,,0.8058247687551304,0.4203912596709098
2026-05-27,0.27270837788434843,0.17199349371766498,,
2026-05-28,,,0.7180105899248846,0.49691751231900316
2026-05-29,0.6565964137633935,0.17972836420851312,1.75316810353065,
2026-05-30,0.2952556527372965,,1.44641340901533,
2026-05-31,0.8323039201790002,0.19570859196819512,0.790883058853912,
2026-06-01,0.814839625575552,0.36020033906568283,,0.40630128640917124
2026-06-02,,0.3661341127352567,0.6097765109009632,
2026-06-03,0.5774204632245246,0.5951209426559704,,0.2680046202079888
2026-06-04,,,1.3203999982431593,
2026-06-05,1.3284184467710054,,,0.14940254393835095
2026-06-06,,,,0.10525067511658229
2026-06-07,0.40256364587872057,0.4867855082867706,,
2026-06-08,,,0.6885687771926524,0.5152922445812157
2026-06-09,0.39055342587966285,,,
2026-06-10,,,2.9645211491756984,1.3498416917024063
2026-06-11,0.4383370583562724,0.4961646649809429,2.274350608000367,
2026-06-12,0.8695292839077525,,0.6320274405934938,
2026-06-13,0.636557082972953,0.4618512986917277,1.1927232931729845,
2026-06-14,,,,
2026-06-15,,,,
2026-06-16,,,,0.5897153084613526
2026-06-17,,,0.6951572616235884,
2026-06-18,0.5693697617458453,0.254216431783506,,1.6216759618759744
2026-06-19,,,,1.168662521175082
2026-06-20,0.5684030804923661,0.39602198504144326,,
2026-06-21,,,,1.2632278607514165
2026-06-22,0.8855314891246772,,,
2026-06-23,,,2.402010122783658,0.27442285560795393
2026-06-24,0.4414622695458272,,,
2026-06-25,0.5389022455004081,,2.0484910837041106,0.42526149970569976
2026-06-26,0.47385029471306445,,2.0244478646500483,
2026-06-27,0.7451677894612444,,,0.23389078360858778
2026-06-28,,,1.5837687729267862,
2026-06-29,0.48108253758972125,,,0.17627368832138296
2026-06-30,,,,
2026-07-01,,,,
2026-07-02,,,0.6229760358275954,
2026-07-03,2.142323163473155,,,
2026-07-04,,,0.6577382397034235,
2026-07-05,,,,
2026-07-06,,,,0.6310368236260452
2026-07-07,,,,
2026-07-08,,,,1.183919592087377
2026-07-09,,,,
2026-07-10,0.9686283020066943,,,
2026-07-11,,,2.034670108121122,
2026-07-12,0.7283790215935829,,,0.6069050471487387
2026-07-13,,,,
2026-07-14,0.605723019390786,,,0.9529284847297562
2026-07-15,,,,0.22105354502752472
2026-07-16,0.6500883732372097,,,
2026-07-17,,,,0.6084814814774069
2026-07-18,2.2852629960595983,,,
2026-07-19,,,,
2026-07-20,,,1.6625397930730064,
2026-07-21,,,,
2026-07-22,0.9024412819780343,,,
2026-07-23,,,,0.9828110872833886
2026-07-24,,,,
2026-07-25,,,,2.1790962797439026
2026-07-26,,,,
2026-07-27,1.3872952104552145,,,1.9941750936832243
2026-07-28,,,,2.6531374450637886
2026-07-29,,,,
2026-07-30,,,,
2026-07-31,1.2006077840997764,,,
2026-08-01,,,,0.7534249819183021
2026-08-02,0.7161064949642137,,,
2026-08-03,1.6552558353921372,,,
2026-08-04,,,,
2026-08-05,,,,
2026-08-06,,,,
2026-08-07,,,,
2026-08-08,,,,
2026-08-09,0.7319170186054336,,,0.5477442077304744
2026-08-10,,,0.6848626585065399,0.22296072162750422
2026-08-11,,,,
2026-08-12,,,,0.9254971635901051
2026-08-13,0.6577228323068177,,,
2026-08-14,,,,0.7517086124150414
2026-08-15,1.108754753361425,,,
2026-08-16,2.3651764765312375,,,0.5590057083319712
2026-08-17,0.8323201219510701,,,
2026-08-18,1.5051460708419617,,,0.4442824292812144
2026-08-19,,,,
2026-08-20,0.8198836426834134,,,0.3955727651930665
2026-08-21,,,1.5434195140405362,
2026-08-22,0.6347749905274833,,,0.5305987393218824
2026-08-23,,,,1.1547436919886702
2026-08-24,,,,
2026-08-25,,,,1.568797923452457
2026-08-26,1.717974726644703,,,
2026-08-27,,,1.6047794183625688,1.8390885284709446
2026-08-28,0.909427533389353,,2.0067862298494448,
2026-08-29,0.37123096069985334,,,0.4620422306867683
2026-08-30,1.4749924970105883,,,
2026-08-31,0.688248781891101,,,0.5644941081924876
2026-09-01,,,,
2026-09-02,,,,1.860334830858237
